workload,mode,run,operation,duration_ms,sandbox_id,status,error
noop,fresh,1,create,37172.350,ZGVza3RvcC1wb29sLWktMGVjODU2Zjk3N2ZmMDFhOGY6dm1fMDAwMDA0OmNtdGkwNzBiNTAwNjhvMDAxMW1keXo2djc6MTc4ODM2NDY4NjQ1Mg.0BZoyHhq73riz721QNaf1oLvVcO65Hx3mORdjHTvMC8,ok,
noop,fresh,1,exec,178.797,ZGVza3RvcC1wb29sLWktMGVjODU2Zjk3N2ZmMDFhOGY6dm1fMDAwMDA0OmNtdGkwNzBiNTAwNjhvMDAxMW1keXo2djc6MTc4ODM2NDY4NjQ1Mg.0BZoyHhq73riz721QNaf1oLvVcO65Hx3mORdjHTvMC8,ok,
noop,fresh,1,delete,174.218,ZGVza3RvcC1wb29sLWktMGVjODU2Zjk3N2ZmMDFhOGY6dm1fMDAwMDA0OmNtdGkwNzBiNTAwNjhvMDAxMW1keXo2djc6MTc4ODM2NDY4NjQ1Mg.0BZoyHhq73riz721QNaf1oLvVcO65Hx3mORdjHTvMC8,ok,
noop,reuse,0,create,203.060,ZGVza3RvcC1wb29sLWktMGVjODU2Zjk3N2ZmMDFhOGY6dm1fMDAwMDA5OmNtdGkwNzBiNTAwNjhvMDAxMW1keXo2djc6MTc4ODM2NDY4NzAwOA.cptv8s0ewcTPokaAuZcwWgeSr1p9aKX01L8gLCikUdk,ok,
noop,reuse,1,exec,177.158,ZGVza3RvcC1wb29sLWktMGVjODU2Zjk3N2ZmMDFhOGY6dm1fMDAwMDA5OmNtdGkwNzBiNTAwNjhvMDAxMW1keXo2djc6MTc4ODM2NDY4NzAwOA.cptv8s0ewcTPokaAuZcwWgeSr1p9aKX01L8gLCikUdk,ok,
noop,reuse,0,delete,174.236,ZGVza3RvcC1wb29sLWktMGVjODU2Zjk3N2ZmMDFhOGY6dm1fMDAwMDA5OmNtdGkwNzBiNTAwNjhvMDAxMW1keXo2djc6MTc4ODM2NDY4NzAwOA.cptv8s0ewcTPokaAuZcwWgeSr1p9aKX01L8gLCikUdk,ok,
cpu,fresh,1,create,191.005,ZGVza3RvcC1wb29sLWktMGVjODU2Zjk3N2ZmMDFhOGY6dm1fMDAwMDAyOmNtdGkwNzBiNTAwNjhvMDAxMW1keXo2djc6MTc4ODM2NDY4NzU1MQ.0rmx0rMzq098td2--hEx6w60Cn6-XKO5kmV8Vg6jTCA,ok,
cpu,fresh,1,exec,497.484,ZGVza3RvcC1wb29sLWktMGVjODU2Zjk3N2ZmMDFhOGY6dm1fMDAwMDAyOmNtdGkwNzBiNTAwNjhvMDAxMW1keXo2djc6MTc4ODM2NDY4NzU1MQ.0rmx0rMzq098td2--hEx6w60Cn6-XKO5kmV8Vg6jTCA,ok,
cpu,fresh,1,delete,175.888,ZGVza3RvcC1wb29sLWktMGVjODU2Zjk3N2ZmMDFhOGY6dm1fMDAwMDAyOmNtdGkwNzBiNTAwNjhvMDAxMW1keXo2djc6MTc4ODM2NDY4NzU1MQ.0rmx0rMzq098td2--hEx6w60Cn6-XKO5kmV8Vg6jTCA,ok,
cpu,reuse,0,create,189.085,ZGVza3RvcC1wb29sLWktMGVjODU2Zjk3N2ZmMDFhOGY6dm1fMDAwMDEyOmNtdGkwNzBiNTAwNjhvMDAxMW1keXo2djc6MTc4ODM2NDY4ODQxMw.qGzI7HtK62Y8WD1oVM53dk_jXwjTvaPY_WWoYyiEui0,ok,
cpu,reuse,1,exec,478.852,ZGVza3RvcC1wb29sLWktMGVjODU2Zjk3N2ZmMDFhOGY6dm1fMDAwMDEyOmNtdGkwNzBiNTAwNjhvMDAxMW1keXo2djc6MTc4ODM2NDY4ODQxMw.qGzI7HtK62Y8WD1oVM53dk_jXwjTvaPY_WWoYyiEui0,ok,
cpu,reuse,0,delete,174.356,ZGVza3RvcC1wb29sLWktMGVjODU2Zjk3N2ZmMDFhOGY6dm1fMDAwMDEyOmNtdGkwNzBiNTAwNjhvMDAxMW1keXo2djc6MTc4ODM2NDY4ODQxMw.qGzI7HtK62Y8WD1oVM53dk_jXwjTvaPY_WWoYyiEui0,ok,
io,fresh,1,create,202.034,ZGVza3RvcC1wb29sLWktMGVjODU2Zjk3N2ZmMDFhOGY6dm1fMDAwMDE1OmNtdGkwNzBiNTAwNjhvMDAxMW1keXo2djc6MTc4ODM2NDY4OTI2OA.m_GOinumQorMZifMK2jrKl6OSlFAYFpV5KfVTEeL8jo,ok,
io,fresh,1,exec,182.921,ZGVza3RvcC1wb29sLWktMGVjODU2Zjk3N2ZmMDFhOGY6dm1fMDAwMDE1OmNtdGkwNzBiNTAwNjhvMDAxMW1keXo2djc6MTc4ODM2NDY4OTI2OA.m_GOinumQorMZifMK2jrKl6OSlFAYFpV5KfVTEeL8jo,ok,
io,fresh,1,delete,174.360,ZGVza3RvcC1wb29sLWktMGVjODU2Zjk3N2ZmMDFhOGY6dm1fMDAwMDE1OmNtdGkwNzBiNTAwNjhvMDAxMW1keXo2djc6MTc4ODM2NDY4OTI2OA.m_GOinumQorMZifMK2jrKl6OSlFAYFpV5KfVTEeL8jo,ok,
io,reuse,0,create,190.433,ZGVza3RvcC1wb29sLWktMGVjODU2Zjk3N2ZmMDFhOGY6dm1fMDAwMDE4OmNtdGkwNzBiNTAwNjhvMDAxMW1keXo2djc6MTc4ODM2NDY4OTgxNg.EaXP1GQh6vyC97LRTV2RdRRMX3RmSICsHDTJ6_DDJp0,ok,
io,reuse,1,exec,182.806,ZGVza3RvcC1wb29sLWktMGVjODU2Zjk3N2ZmMDFhOGY6dm1fMDAwMDE4OmNtdGkwNzBiNTAwNjhvMDAxMW1keXo2djc6MTc4ODM2NDY4OTgxNg.EaXP1GQh6vyC97LRTV2RdRRMX3RmSICsHDTJ6_DDJp0,ok,
io,reuse,0,delete,174.119,ZGVza3RvcC1wb29sLWktMGVjODU2Zjk3N2ZmMDFhOGY6dm1fMDAwMDE4OmNtdGkwNzBiNTAwNjhvMDAxMW1keXo2djc6MTc4ODM2NDY4OTgxNg.EaXP1GQh6vyC97LRTV2RdRRMX3RmSICsHDTJ6_DDJp0,ok,
